{"note":"This file is an internal implementation detail to speed up HTML report generation. Its format can change at any time. You might be looking for the JSON report: https://coverage.rtfd.io/cmd.html#cmd-json","format":5,"version":"7.6.7","globals":"1a82cc7b0d7f41550088f1982d56c083","files":{"z_1ea838694151cac8___init___py":{"hash":"e6baa73cda2916dad605215f937a92e1","index":{"url":"z_1ea838694151cac8___init___py.html","file":"config/__init__.py","description":"","nums":{"precision":0,"n_files":1,"n_statements":0,"n_excluded":0,"n_missing":0,"n_branches":0,"n_partial_branches":0,"n_missing_branches":0}}},"z_1ea838694151cac8_settings_py":{"hash":"7de9766a7f5f851481eef1b5314ebd93","index":{"url":"z_1ea838694151cac8_settings_py.html","file":"config/settings.py","description":"","nums":{"precision":0,"n_files":1,"n_statements":60,"n_excluded":0,"n_missing":2,"n_branches":0,"n_partial_branches":0,"n_missing_branches":0}}},"z_1ea838694151cac8_urls_py":{"hash":"5e339e135ea708ead92485ff393d5362","index":{"url":"z_1ea838694151cac8_urls_py.html","file":"config/urls.py","description":"","nums":{"precision":0,"n_files":1,"n_statements":19,"n_excluded":0,"n_missing":1,"n_branches":0,"n_partial_branches":0,"n_missing_branches":0}}},"z_07478947c1bc7330___init___py":{"hash":"e6baa73cda2916dad605215f937a92e1","index":{"url":"z_07478947c1bc7330___init___py.html","file":"harvest/__init__.py","description":"","nums":{"precision":0,"n_files":1,"n_statements":0,"n_excluded":0,"n_missing":0,"n_branches":0,"n_partial_branches":0,"n_missing_branches":0}}},"z_07478947c1bc7330_admin_py":{"hash":"e9835cb1dc9ec959a38b3634a959dca1","index":{"url":"z_07478947c1bc7330_admin_py.html","file":"harvest/admin.py","description":"","nums":{"precision":0,"n_files":1,"n_statements":95,"n_excluded":0,"n_missing":15,"n_branches":0,"n_partial_branches":0,"n_missing_branches":0}}},"z_07478947c1bc7330_apps_py":{"hash":"c54d81a92b35f11734807095c5565429","index":{"url":"z_07478947c1bc7330_apps_py.html","file":"harvest/apps.py","description":"","nums":{"precision":0,"n_files":1,"n_statements":4,"n_excluded":0,"n_missing":0,"n_branches":0,"n_partial_branches":0,"n_missing_branches":0}}},"z_07478947c1bc7330_gateway_py":{"hash":"2856e1d136030d60456bb5fb775782ae","index":{"url":"z_07478947c1bc7330_gateway_py.html","file":"harvest/gateway.py","description":"","nums":{"precision":0,"n_files":1,"n_statements":30,"n_excluded":0,"n_missing":23,"n_branches":0,"n_partial_branches":0,"n_missing_branches":0}}},"z_a6ce1525bf1d13aa_0001_initial_py":{"hash":"c910d0374a3e83d955c4012585cb9303","index":{"url":"z_a6ce1525bf1d13aa_0001_initial_py.html","file":"harvest/migrations/0001_initial.py","description":"","nums":{"precision":0,"n_files":1,"n_statements":9,"n_excluded":0,"n_missing":0,"n_branches":0,"n_partial_branches":0,"n_missing_branches":0}}},"z_a6ce1525bf1d13aa_0002_product_rating_product_review_count_py":{"hash":"a426c6f99001b0951c3af7c271e8d0e0","index":{"url":"z_a6ce1525bf1d13aa_0002_product_rating_product_review_count_py.html","file":"harvest/migrations/0002_product_rating_product_review_count.py","description":"","nums":{"precision":0,"n_files":1,"n_statements":4,"n_excluded":0,"n_missing":0,"n_branches":0,"n_partial_branches":0,"n_missing_branches":0}}},"z_a6ce1525bf1d13aa_0003_product_is_best_selling_py":{"hash":"af38ef46df9154ad8780d6e5f5f2a1af","index":{"url":"z_a6ce1525bf1d13aa_0003_product_is_best_selling_py.html","file":"harvest/migrations/0003_product_is_best_selling.py","description":"","nums":{"precision":0,"n_files":1,"n_statements":4,"n_excluded":0,"n_missing":0,"n_branches":0,"n_partial_branches":0,"n_missing_branches":0}}},"z_a6ce1525bf1d13aa_0004_searchquery_py":{"hash":"b9695e2ca49ace1ed2ce69cfe799e1aa","index":{"url":"z_a6ce1525bf1d13aa_0004_searchquery_py.html","file":"harvest/migrations/0004_searchquery.py","description":"","nums":{"precision":0,"n_files":1,"n_statements":4,"n_excluded":0,"n_missing":0,"n_branches":0,"n_partial_branches":0,"n_missing_branches":0}}},"z_a6ce1525bf1d13aa_0005_product_discounted_price_percentage_py":{"hash":"c49aacd42b61af38a9d17d29532c84f0","index":{"url":"z_a6ce1525bf1d13aa_0005_product_discounted_price_percentage_py.html","file":"harvest/migrations/0005_product_discounted_price_percentage.py","description":"","nums":{"precision":0,"n_files":1,"n_statements":4,"n_excluded":0,"n_missing":0,"n_branches":0,"n_partial_branches":0,"n_missing_branches":0}}},"z_a6ce1525bf1d13aa_0006_review_parent_py":{"hash":"f5cc0831a01a44ff44d8f71c6a46875c","index":{"url":"z_a6ce1525bf1d13aa_0006_review_parent_py.html","file":"harvest/migrations/0006_review_parent.py","description":"","nums":{"precision":0,"n_files":1,"n_statements":5,"n_excluded":0,"n_missing":0,"n_branches":0,"n_partial_branches":0,"n_missing_branches":0}}},"z_a6ce1525bf1d13aa_0007_remove_review_parent_reply_py":{"hash":"62a8c03b8bf343d1a9184ac312495a70","index":{"url":"z_a6ce1525bf1d13aa_0007_remove_review_parent_reply_py.html","file":"harvest/migrations/0007_remove_review_parent_reply.py","description":"","nums":{"precision":0,"n_files":1,"n_statements":6,"n_excluded":0,"n_missing":0,"n_branches":0,"n_partial_branches":0,"n_missing_branches":0}}},"z_a6ce1525bf1d13aa_0008_season_product_season_py":{"hash":"44e63dfebd2f5c6d1d9d11e741fbca9e","index":{"url":"z_a6ce1525bf1d13aa_0008_season_product_season_py.html","file":"harvest/migrations/0008_season_product_season.py","description":"","nums":{"precision":0,"n_files":1,"n_statements":5,"n_excluded":0,"n_missing":0,"n_branches":0,"n_partial_branches":0,"n_missing_branches":0}}},"z_a6ce1525bf1d13aa___init___py":{"hash":"e6baa73cda2916dad605215f937a92e1","index":{"url":"z_a6ce1525bf1d13aa___init___py.html","file":"harvest/migrations/__init__.py","description":"","nums":{"precision":0,"n_files":1,"n_statements":0,"n_excluded":0,"n_missing":0,"n_branches":0,"n_partial_branches":0,"n_missing_branches":0}}},"z_07478947c1bc7330_models_py":{"hash":"a937e1892d507b734d5af0cf93b174bf","index":{"url":"z_07478947c1bc7330_models_py.html","file":"harvest/models.py","description":"","nums":{"precision":0,"n_files":1,"n_statements":170,"n_excluded":0,"n_missing":42,"n_branches":0,"n_partial_branches":0,"n_missing_branches":0}}},"z_07478947c1bc7330_tests_py":{"hash":"0c2d2365e042b15905a577cf194c15fd","index":{"url":"z_07478947c1bc7330_tests_py.html","file":"harvest/tests.py","description":"","nums":{"precision":0,"n_files":1,"n_statements":73,"n_excluded":0,"n_missing":0,"n_branches":0,"n_partial_branches":0,"n_missing_branches":0}}},"z_07478947c1bc7330_urls_py":{"hash":"949ee01b190bacce065fd5fbebd671c5","index":{"url":"z_07478947c1bc7330_urls_py.html","file":"harvest/urls.py","description":"","nums":{"precision":0,"n_files":1,"n_statements":7,"n_excluded":0,"n_missing":0,"n_branches":0,"n_partial_branches":0,"n_missing_branches":0}}},"z_07478947c1bc7330_views_py":{"hash":"706954b3b1396c5355b80174ec03858e","index":{"url":"z_07478947c1bc7330_views_py.html","file":"harvest/views.py","description":"","nums":{"precision":0,"n_files":1,"n_statements":352,"n_excluded":0,"n_missing":238,"n_branches":0,"n_partial_branches":0,"n_missing_branches":0}}},"z_07478947c1bc7330_wiki_py":{"hash":"bebacb62f2f59c67c27146a8bee44cf0","index":{"url":"z_07478947c1bc7330_wiki_py.html","file":"harvest/wiki.py","description":"","nums":{"precision":0,"n_files":1,"n_statements":17,"n_excluded":0,"n_missing":15,"n_branches":0,"n_partial_branches":0,"n_missing_branches":0}}},"manage_py":{"hash":"18debec8f939d2d921a9ea1ca90aa845","index":{"url":"manage_py.html","file":"manage.py","description":"","nums":{"precision":0,"n_files":1,"n_statements":11,"n_excluded":0,"n_missing":2,"n_branches":0,"n_partial_branches":0,"n_missing_branches":0}}},"z_248eec4b1555bde4_testemail_py":{"hash":"b04a25162a0d785c2fee581fc1ccd79b","index":{"url":"z_248eec4b1555bde4_testemail_py.html","file":"sandbox/PY/testemail.py","description":"","nums":{"precision":0,"n_files":1,"n_statements":8,"n_excluded":0,"n_missing":5,"n_branches":0,"n_partial_branches":0,"n_missing_branches":0}}},"testing_py":{"hash":"e6baa73cda2916dad605215f937a92e1","index":{"url":"testing_py.html","file":"testing.py","description":"","nums":{"precision":0,"n_files":1,"n_statements":0,"n_excluded":0,"n_missing":0,"n_branches":0,"n_partial_branches":0,"n_missing_branches":0}}}}}